ZIP Code,WarrentsPerZIP
"69336","1"
"60139","2"
"30701","3"
"98103","1"
"78752","1"
"54950","1"
"60087","3"
"63375","4"
"72901","3"
"65013","3"
"71311","1"
"62990","1"
"46617","3"
"94612","1"
"62010","41"
"70119","2"
"63622","1"
"61102","5"
"62895","1"
"75504","2"
"90302","4"
"55416","1"
"30116","3"
"47112","1"
"20746","1"
"63112","9826"
"80461","2"
"30093","3"
"52803","2"
"30310","2"
"47741","1"
"92402","2"
"62274","3"
"62217","5"
"63160","2"
"46225","3"
"95825","4"
"46373","1"
"23607","2"
"33334","2"
"21060","1"
"93543","1"
"66062","3"
"70065","1"
"25419","1"
"63343","19"
"23434","1"
"62255","4"
"62095","80"
"31313","1"
"48075","1"
"63775","30"
"63863","6"
"80728","2"
"61301","4"
"38614","7"
"32025","2"
"07018","1"
"67706","1"
"77471","1"
"48111","1"
"73460","1"
"64056","1"
"46748","2"
"95747","1"
"75001","1"
"79903","1"
"82443","3"
"62670","1"
"90260","3"
"75103","2"
"28034","1"
"63091","1"
"46214","1"
"40361","5"
"63670","18"
"60047","2"
"53082","1"
"67068","1"
"39038","1"
"63111","7220"
"46394","1"
"28630","2"
"45426","1"
"61548","4"
"38125","4"
"77055","1"
"73010","1"
"75034","1"
"89128","2"
"32724","1"
"60148","2"
"37405","1"
"02769","1"
"87108","2"
"56081","1"
"63631","1"
"62935","3"
"55430","2"
"14620","2"
"39301","4"
"53545","1"
"65279","1"
"63123","909"
"62866","3"
"63302","8"
"36112","4"
"53713","2"
"92115","3"
"30815","1"
"79501","2"
"72634","1"
"60803","2"
"67212","2"
"43217","1"
"60099","1"
"92346","4"
"63954","1"
"74033","1"
"93612","1"
"08201","1"
"31207","1"
"42701","1"
"60618","6"
"63764","3"
"79088","1"
"20121","2"
"36116","2"
"73501","2"
"66206","1"
"15227","1"
"56288","1"
"64501","3"
"59802","1"
"63029","1"
"63155","4"
"62888","1"
"23075","1"
"47807","3"
"47170","1"
"10026","1"
"60088","2"
"62210","2"
"87035","1"
"60472","1"
"78613","2"
"56052","1"
"06480","1"
"84102","3"
"92169","1"
"65014","1"
"93137","1"
"40165","1"
"76009","1"
"44012","1"
"62241","1"
"63019","24"
"62568","1"
"33157","1"
"52804","2"
"43630","1"
"14057","1"
"63376","259"
"48605","2"
"33420","1"
"62829","1"
"19966","1"
"55362","2"
"55405","1"
"52234","1"
"60126","5"
"30349","7"
"65401","41"
"61716","1"
"63935","11"
"98001","1"
"55423","1"
"98112","2"
"63390","42"
"30088","2"
"75203","2"
"94110","4"
"63623","5"
"73159","6"
"71901","1"
"79927","3"
"60516","4"
"22911","1"
"71203","2"
"80022","1"
"65441","8"
"17602","3"
"92703","2"
"64503","3"
"02207","1"
"29728","1"
"23093","1"
"85361","1"
"43023","1"
"60638","5"
"68207","1"
"72162","1"
"89121","1"
"63349","10"
"35601","1"
"63013","6"
"68131","2"
"55102","2"
"75802","1"
"68512","2"
"62049","6"
"64134","16"
"63049","115"
"63205","4"
"63305","5"
"63830","6"
"30244","1"
"93021","1"
"37214","1"
"28223","1"
"38119","1"
"62293","9"
"19713","1"
"34238","1"
"75253","1"
"06313","1"
"62626","8"
"63120","6855"
"78216","1"
"16727","2"
"77518","2"
"54943","1"
"65336","1"
"50124","2"
"28572","1"
"48047","4"
"68111","2"
"63628","61"
"48127","1"
"77478","1"
"40014","2"
"29853","2"
"14221","1"
"19301","1"
"28543","1"
"30268","2"
"63044","137"
"04973","2"
"46241","2"
"62093","1"
"65082","1"
"67201","1"
"53562","1"
"77013","1"
"43215","1"
"63018","2"
"60614","7"
"12528","1"
"62027","2"
"77083","8"
"63311","2"
"94596","3"
"36311","4"
"29745","1"
"39520","1"
"46222","5"
"46540","1"
"15208","1"
"49036","1"
"27105","1"
"55406","4"
"92103","4"
"38671","1"
"46327","2"
"66441","1"
"66055","3"
"42635","1"
"90007","1"
"72616","1"
"72116","2"
"38104","1"
"64114","6"
"66801","1"
"61928","2"
"63636","2"
"38774","1"
"27360","1"
"62801","30"
"06105","3"
"76067","1"
"45056","1"
"63127","54"
"62432","1"
"01420","1"
"84104","1"
"61201","9"
"77027","1"
"74104","1"
"90043","4"
"46219","6"
"61115","1"
"63336","1"
"16801","1"
"43026","2"
"63964","1"
"77072","1"
"80203","1"
"30019","1"
"95610","1"
"41858","1"
"60103","4"
"63139","1868"
"10314","1"
"62159","3"
"75789","1"
"64836","4"
"62034","59"
"61342","1"
"75006","3"
"30001","1"
"62468","2"
"63034","367"
"63145","7"
"63647","1"
"45229","2"
"92082","1"
"90001","2"
"63176","2"
"50322","1"
"62450","4"
"31705","1"
"67401","1"
"10573","1"
"62072","2"
"39213","2"
"63212","1"
"60206","1"
"03301","1"
"78230","5"
"33905","1"
"29577","1"
"23452","1"
"05224","3"
"63620","16"
"53142","4"
"06311","4"
"03854","3"
"65284","4"
"43356","1"
"47720","2"
"66104","4"
"92056","2"
"66027","2"
"60042","1"
"31314","2"
"23875","2"
"37815","2"
"47043","1"
"14222","1"
"63383","42"
"37160","1"
"74429","1"
"33711","1"
"73051","1"
"65705","2"
"62896","5"
"70330","1"
"63200","1"
"62024","76"
"49090","1"
"57783","1"
"17744","2"
"62042","5"
"29063","1"
"30032","4"
"61008","1"
"46322","2"
"77091","1"
"60436","2"
"76950","1"
"61101","3"
"61802","4"
"42223","2"
"38637","1"
"62223","305"
"76126","1"
"92114","2"
"65402","5"
"35810","1"
"88021","1"
"74525","1"
"62006","2"
"59485","2"
"65712","4"
"62401","3"
"38501","1"
"60085","13"
"38680","2"
"75485","1"
"60505","1"
"90250","1"
"80910","3"
"43420","1"
"47403","1"
"84601","1"
"90062","2"
"65566","1"
"02644","1"
"68405","4"
"74106","3"
"28540","3"
"62835","1"
"48327","1"
"75219","2"
"46406","1"
"60010","1"
"63314","2"
"52240","1"
"67330","2"
"63126","187"
"64124","5"
"19041","1"
"91423","1"
"85033","1"
"90220","1"
"63704","1"
"62238","6"
"65809","9"
"30087","1"
"60610","3"
"72745","1"
"74447","1"
"93301","4"
"08810","1"
"75067","3"
"60484","1"
"54603","1"
"63071","4"
"27870","2"
"62271","5"
"62200","9"
"65616","4"
"64131","6"
"35212","3"
"45373","2"
"60504","1"
"44001","1"
"62289","4"
"99503","2"
"71801","2"
"40221","2"
"56303","1"
"76266","1"
"63820","2"
"62086","2"
"39308","1"
"93101","1"
"85331","1"
"12885","2"
"62239","77"
"86314","2"
"29485","1"
"82001","1"
"61539","1"
"90650","2"
"49004","1"
"62023","8"
"62471","12"
"78702","2"
"01027","1"
"72762","2"
"44255","1"
"48239","2"
"40391","2"
"66218","1"
"75287","1"
"61350","1"
"64130","17"
"75602","1"
"62206","888"
"60070","1"
"66109","1"
"90046","1"
"48756","1"
"63701","68"
"38618","1"
"75150","2"
"62526","8"
"53214","1"
"64105","1"
"64110","7"
"65667","1"
"62655","1"
"74331","1"
"27604","4"
"66778","1"
"77003","1"
"26354","1"
"80205","2"
"85004","1"
"62864","25"
"47631","1"
"30296","2"
"35037","2"
"75116","1"
"62218","2"
"62447","1"
"06082","1"
"77808","1"
"65203","52"
"62420","1"
"63936","3"
"65081","10"
"55175","2"
"64014","3"
"48458","1"
"91360","3"
"60805","1"
"63347","12"
"66101","2"
"74145","6"
"61734","1"
"76116","2"
"36401","1"
"39102","4"
"77063","3"
"73127","1"
"74601","1"
"33782","2"
"93065","4"
"74011","2"
"23225","4"
"88240","4"
"65673","4"
"53227","1"
"80631","1"
"65803","30"
"62726","1"
"75149","1"
"53024","1"
"60636","4"
"65583","17"
"70815","1"
"30135","3"
"65226","1"
"30083","1"
"92105","2"
"53715","1"
"54648","1"
"73107","1"
"60521","1"
"63149","10"
"65101","74"
"76082","1"
"63319","1"
"60435","2"
"79763","1"
"37129","3"
"61701","9"
"06516","2"
"60707","1"
"53220","2"
"92405","1"
"62031","1"
"53705","1"
"87121","2"
"63094","3"
"55113","2"
"47119","2"
"50320","1"
"92627","1"
"32542","1"
"63197","5"
"53081","2"
"63178","11"
"39305","1"
"67037","1"
"48446","1"
"38382","3"
"67230","1"
"76561","1"
"90806","2"
"60651","9"
"63937","1"
"37207","2"
"30071","1"
"38004","2"
"14826","2"
"49505","1"
"94710","1"
"85201","1"
"62033","11"
"10980","1"
"90277","1"
"22030","1"
"29210","2"
"24210","1"
"62941","1"
"72542","1"
"62301","13"
"63032","22"
"65076","2"
"92014","1"
"60652","4"
"62557","2"
"70812","2"
"70403","2"
"96744","3"
"43081","2"
"41539","1"
"64507","9"
"71446","1"
"19380","2"
"47401","2"
"63088","98"
"60446","1"
"62281","1"
"62513","1"
"30577","1"
"32836","1"
"85031","1"
"46237","1"
"40517","3"
"92337","1"
"62077","1"
"92024","6"
"60030","2"
"92651","1"
"75204","1"
"64156","3"
"31286","2"
"65209","2"
"63141","89"
"60201","4"
"84120","1"
"33538","1"
"32210","6"
"60025","2"
"93307","1"
"68715","1"
"61920","5"
"74058","1"
"72212","1"
"76545","2"
"67210","2"
"62048","17"
"63146","250"
"30035","4"
"38127","6"
"78520","2"
"34421","1"
"48146","1"
"62030","1"
"72398","1"
"72834","1"
"64123","1"
"62877","2"
"29682","1"
"44070","1"
"85234","2"
"78606","1"
"72204","9"
"30533","2"
"28303","1"
"94402","1"
"63441","1"
"64651","2"
"62092","1"
"45684","1"
"21220","1"
"75234","1"
"91104","3"
"62571","1"
"98274","1"
"63384","6"
"33161","1"
"77054","1"
"49442","2"
"35112","1"
"11901","1"
"44111","1"
"67152","1"
"55401","1"
"65237","1"
"70420","1"
"31730","1"
"63260","1"
"65463","2"
"55356","1"
"25401","2"
"36108","2"
"62214","1"
"61520","6"
"60426","10"
"65115","2"
"47906","1"
"97212","1"
"33458","2"
"65743","2"
"62463","1"
"65781","1"
"38572","1"
"63119","698"
"53207","1"
"45231","2"
"74030","1"
"62233","17"
"60427","2"
"65610","1"
"74063","1"
"30097","1"
"87123","1"
"34237","1"
"62118","1"
"93033","2"
"65066","8"
"61547","1"
"93722","2"
"95570","1"
"63137","3311"
"62012","14"
"78109","1"
"62901","47"
"37352","1"
"57105","1"
"42461","1"
"55448","1"
"21227","1"
"32401","1"
"63755","3"
"53072","2"
"77060","2"
"63351","2"
"60130","2"
"48307","1"
"64841","1"
"63134","1623"
"61533","2"
"23608","1"
"46236","3"
"38221","1"
"85022","1"
"85228","2"
"02771","1"
"61727","2"
"68164","2"
"62294","80"
"60187","4"
"63875","1"
"47715","2"
"33873","2"
"62224","6"
"64486","1"
"64742","1"
"77026","2"
"62001","3"
"31771","1"
"60143","1"
"79648","1"
"77386","4"
"62366","1"
"60114","4"
"66208","1"
"77040","3"
"61443","5"
"71667","1"
"72114","3"
"30152","1"
"35806","4"
"60396","4"
"37015","1"
"06831","2"
"40372","1"
"62701","2"
"64075","2"
"60640","8"
"63173","4"
"76705","1"
"62018","33"
"95829","1"
"60067","6"
"63565","1"
"33308","1"
"17406","2"
"39701","3"
"49441","2"
"60223","3"
"63626","2"
"63330","2"
"47143","1"
"71202","5"
"74829","2"
"76132","1"
"78214","1"
"33189","1"
"90045","2"
"72753","2"
"63113","10149"
"65064","1"
"62707","6"
"19426","1"
"60409","9"
"65118","1"
"10604","1"
"39208","3"
"65810","7"
"27522","1"
"58341","1"
"62237","5"
"66216","2"
"75217","1"
"63537","2"
"60712","1"
"77357","1"
"60964","2"
"37042","5"
"60458","3"
"62220","233"
"63051","104"
"55407","3"
"41018","1"
"47145","1"
"46835","1"
"55429","1"
"27043","1"
"72450","1"
"80233","3"
"30236","1"
"37211","3"
"49512","1"
"23235","1"
"55112","1"
"47712","3"
"78040","1"
"62954","1"
"28429","1"
"74852","1"
"63629","6"
"87801","1"
"38109","21"
"91762","1"
"92204","3"
"26143","1"
"61615","7"
"60118","2"
"55720","1"
"36121","1"
"62208","217"
"63030","11"
"53402","1"
"77354","1"
"01810","2"
"63001","1"
"67040","1"
"65711","5"
"84006","1"
"53211","2"
"23453","2"
"50613","3"
"39206","8"
"62704","21"
"03109","1"
"28348","1"
"62872","1"
"01089","1"
"60632","2"
"92008","2"
"77082","1"
"72366","4"
"65438","1"
"63130","2728"
"62101","2"
"60432","6"
"94608","1"
"63156","15"
"53548","1"
"80904","1"
"75021","1"
"85719","3"
"63957","17"
"68349","2"
"53560","2"
"63077","46"
"61614","3"
"62681","1"
"63033","2219"
"75088","1"
"62081","2"
"45222","2"
"60108","1"
"11563","1"
"26047","1"
"85143","1"
"48060","2"
"47167","1"
"52001","1"
"85215","2"
"63052","161"
"80239","2"
"62625","1"
"39040","1"
"44067","3"
"28601","1"
"60439","1"
"64109","4"
"48080","1"
"63107","10773"
"77066","1"
"34286","1"
"43205","1"
"90019","4"
"62084","8"
"65010","2"
"66112","7"
"92707","1"
"93309","2"
"60169","1"
"63062","2"
"40215","1"
"75098","1"
"34654","1"
"38128","6"
"37040","5"
"62069","8"
"63461","1"
"60172","4"
"63069","90"
"39741","1"
"53051","2"
"65314","1"
"60001","4"
"20169","1"
"30002","1"
"47638","1"
"60626","5"
"30058","1"
"24740","1"
"53711","1"
"95334","2"
"60084","1"
"61951","1"
"62228","2"
"63142","7"
"53520","1"
"62276","4"
"51501","2"
"11220","2"
"63630","4"
"34744","2"
"03060","1"
"70001","1"
"20002","2"
"30045","1"
"92553","1"
"62243","34"
"44851","1"
"80135","1"
"85335","1"
"63072","8"
"63131","154"
"63353","13"
"30010","2"
"60469","1"
"93376","1"
"01905","1"
"50539","1"
"48346","1"
"81637","1"
"64085","2"
"57106","1"
"60207","1"
"62232","85"
"63627","7"
"64132","6"
"60629","8"
"57048","1"
"38126","1"
"65633","2"
"66064","1"
"63868","4"
"30024","3"
"70002","1"
"79556","4"
"62097","8"
"65714","5"
"76549","1"
"60601","6"
"76053","1"
"85037","2"
"40509","1"
"63678","1"
"91206","1"
"63371","1"
"72209","6"
"49251","1"
"30411","1"
"76014","4"
"63837","1"
"07112","1"
"60415","1"
"11211","2"
"55420","1"
"80002","1"
"33141","2"
"29902","1"
"50323","1"
"76115","1"
"55318","1"
"77449","1"
"40214","1"
"36786","3"
"95843","1"
"63026","349"
"48879","2"
"63850","4"
"60016","2"
"29044","1"
"63167","1"
"79735","1"
"42003","5"
"77084","1"
"44130","1"
"64801","16"
"34232","3"
"64050","1"
"44406","1"
"85212","1"
"67208","3"
"46227","2"
"62201","481"
"60655","2"
"62924","1"
"63153","5"
"32224","1"
"63385","117"
"20601","3"
"75240","1"
"66103","5"
"61080","1"
"60620","4"
"41017","1"
"40067","3"
"62417","1"
"00006","6"
"64129","3"
"53944","2"
"52142","1"
"23505","1"
"20817","1"
"72304","4"
"63944","1"
"60440","6"
"61240","1"
"38751","4"
"80909","1"
"30341","2"
"64119","2"
"48304","3"
"32789","1"
"63862","4"
"21201","1"
"62297","3"
"96791","1"
"66118","2"
"32034","3"
"27405","1"
"73701","1"
"20770","2"
"63233","1"
"64116","4"
"63068","7"
"02148","1"
"63040","19"
"30281","3"
"36109","3"
"48213","1"
"85219","1"
"94109","4"
"59711","1"
"76543","2"
"55434","1"
"64151","3"
"90011","2"
"40210","1"
"73901","2"
"70810","4"
"71303","4"
"43401","1"
"63041","4"
"63663","5"
"49274","1"
"33142","2"
"62285","8"
"20117","1"
"13210","1"
"70601","2"
"07928","1"
"63188","14"
"38256","1"
"06306","2"
"66031","2"
"42365","1"
"74401","2"
"64424","1"
"32511","1"
"60068","1"
"32807","5"
"75165","3"
"53109","1"
"11717","1"
"62090","135"
"44068","1"
"33168","3"
"44110","1"
"72082","1"
"65802","34"
"67420","1"
"90274","4"
"64485","1"
"92370","1"
"60543","2"
"71742","2"
"97124","2"
"50049","3"
"91761","1"
"64117","4"
"75232","1"
"66052","1"
"48503","2"
"65051","4"
"35903","1"
"73055","3"
"49525","2"
"63452","1"
"40511","1"
"62056","12"
"53704","5"
"54822","1"
"97222","1"
"51463","1"
"73533","1"
"30126","1"
"80916","1"
"43204","3"
"36608","2"
"74115","1"
"75248","3"
"60644","12"
"48820","1"
"49043","1"
"37912","2"
"72638","1"
"63337","1"
"32526","1"
"44121","1"
"76102","3"
"30144","1"
"37148","1"
"62080","1"
"71937","3"
"53216","11"
"51503","2"
"60471","1"
"63965","4"
"45224","3"
"71854","1"
"90054","3"
"37771","2"
"78247","1"
"46405","5"
"37814","1"
"85043","1"
"91763","4"
"62204","763"
"33629","2"
"44112","1"
"60914","1"
"80202","1"
"63116","9779"
"60646","2"
"46016","3"
"14820","1"
"65041","4"
"62087","18"
"73215","1"
"63063","1"
"27534","1"
"07901","2"
"28542","1"
"18324","2"
"45701","1"
"37406","6"
"62256","1"
"81301","1"
"78227","2"
"90703","1"
"60565","4"
"61104","5"
"27292","1"
"65801","1"
"01945","1"
"35064","2"
"79107","2"
"33610","1"
"14609","1"
"72419","2"
"13204","1"
"65708","4"
"95206","4"
"94560","1"
"63437","3"
"33601","4"
"62685","12"
"63335","2"
"71223","2"
"29048","1"
"14619","1"
"62907","1"
"54952","2"
"65303","1"
"63616","1"
"76006","3"
"63780","2"
"38114","2"
"60194","5"
"63939","4"
"38024","1"
"23847","1"
"14608","1"
"65584","13"
"35758","1"
"63028","137"
"36110","3"
"77080","4"
"48025","1"
"11040","1"
"98198","1"
"90069","1"
"23503","1"
"48141","2"
"35215","2"
"45102","1"
"92122","1"
"61841","1"
"32114","1"
"64850","1"
"75041","2"
"24208","3"
"38930","3"
"06315","2"
"72947","1"
"61401","3"
"70705","1"
"63148","11"
"44429","1"
"53179","1"
"48282","1"
"62258","40"
"33173","1"
"65311","7"
"64118","5"
"06070","1"
"63021","239"
"85281","1"
"95632","1"
"68843","1"
"23226","1"
"63201","9"
"45873","1"
"63105","365"
"11218","2"
"65473","13"
"66111","2"
"62225","12"
"39066","4"
"77037","1"
"61554","8"
"62122","3"
"63165","3"
"44663","2"
"72701","5"
"61281","1"
"63401","13"
"62108","4"
"81620","4"
"63090","42"
"64012","4"
"12301","1"
"08861","1"
"66503","2"
"78503","1"
"92780","1"
"62088","14"
"71459","1"
"92704","3"
"49227","1"
"98040","1"
"64468","8"
"45342","1"
"48101","1"
"39175","1"
"63053","5"
"48238","1"
"62216","1"
"77489","3"
"74006","1"
"62059","55"
"46202","4"
"32569","1"
"43612","1"
"77049","1"
"55422","1"
"31220","1"
"38391","1"
"44509","1"
"54403","1"
"62437","1"
"63779","1"
"47905","1"
"31062","1"
"65283","2"
"07008","1"
"76205","3"
"75223","1"
"65032","1"
"60031","1"
"38118","1"
"62005","2"
"46952","1"
"75020","2"
"77335","1"
"44011","3"
"62812","8"
"72086","1"
"77071","2"
"62040","776"
"91101","1"
"63109","1927"
"48223","1"
"42001","4"
"62019","1"
"38053","3"
"48197","4"
"03857","1"
"64804","10"
"30078","2"
"76528","4"
"60413","3"
"63168","1"
"29180","1"
"86001","1"
"63004","2"
"78210","1"
"61953","1"
"62284","3"
"23457","2"
"91203","1"
"71602","2"
"92065","1"
"60515","1"
"61832","1"
"45429","1"
"77372","1"
"32206","1"
"72959","1"
"63010","428"
"03278","1"
"39041","1"
"23236","1"
"62275","4"
"63332","2"
"08016","1"
"38967","2"
"60173","1"
"23233","1"
"73013","2"
"70127","2"
"45213","2"
"18020","1"
"75968","1"
"95127","1"
"63117","482"
"62067","8"
"63114","1935"
"86401","1"
"80911","2"
"38732","2"
"37174","1"
"63236","3"
"75501","2"
"62441","3"
"37138","1"
"68115","3"
"39501","5"
"63334","4"
"61032","4"
"91106","2"
"65017","2"
"62110","2"
"71112","1"
"84565","1"
"77447","2"
"48067","2"
"65560","21"
"47374","2"
"94605","3"
"68701","1"
"77098","1"
"20009","4"
"74127","2"
"64138","10"
"55387","2"
"51048","1"
"62948","4"
"76305","2"
"63038","19"
"78621","1"
"85008","2"
"44266","1"
"17109","1"
"60014","1"
"79041","1"
"60625","2"
"60527","1"
"39212","4"
"78205","3"
"38320","3"
"42101","5"
"33870","1"
"53144","1"
"61048","1"
"22041","2"
"08816","1"
"59915","2"
"91602","1"
"19134","4"
"60628","25"
"60444","1"
"65103","2"
"85303","1"
"43551","4"
"67215","1"
"77380","1"
"72734","1"
"89103","2"
"73129","2"
"11209","1"
"63222","2"
"30179","3"
"46143","1"
"85253","1"
"34275","1"
"30075","1"
"78628","3"
"43208","1"
"65063","5"
"52806","5"
"78577","2"
"75146","1"
"63177","30"
"67846","1"
"78611","2"
"32506","1"
"65674","1"
"52176","1"
"60463","1"
"70806","2"
"49319","1"
"63344","4"
"38135","3"
"62848","1"
"47670","3"
"63140","108"
"46312","3"
"20019","1"
"30034","4"
"61604","17"
"75639","3"
"88005","1"
"52601","2"
"64155","2"
"42368","2"
"61745","1"
"38117","2"
"78654","1"
"30276","1"
"29566","1"
"65757","2"
"60466","3"
"67522","1"
"73139","1"
"62066","1"
"08078","1"
"80219","1"
"62245","3"
"50035","1"
"63047","7"
"62837","3"
"63341","6"
"46628","1"
"72118","1"
"66213","3"
"87068","1"
"32405","1"
"02121","1"
"22202","2"
"74008","1"
"74547","2"
"42301","2"
"66518","1"
"48219","2"
"72744","1"
"46205","1"
"60064","5"
"39629","1"
"62912","2"
"80525","1"
"62052","31"
"60622","2"
"45712","1"
"38655","1"
"48122","1"
"37918","3"
"85734","1"
"49010","1"
"30319","2"
"33064","1"
"95209","1"
"45895","1"
"67072","1"
"78219","2"
"30329","2"
"46201","3"
"61705","2"
"63638","5"
"54935","3"
"36869","2"
"52632","2"
"63877","2"
"60615","6"
"30314","1"
"60402","8"
"46385","1"
"91764","2"
"62426","2"
"90909","1"
"37412","5"
"39180","1"
"02143","1"
"63560","1"
"62222","25"
"88401","1"
"67218","3"
"75044","1"
"85020","1"
"63129","529"
"46563","5"
"68143","2"
"27101","3"
"20110","7"
"55330","1"
"37566","1"
"67130","1"
"63325","1"
"30085","1"
"33781","1"
"32351","1"
"72360","4"
"30076","2"
"62234","407"
"43228","2"
"46229","4"
"02554","2"
"40356","1"
"21218","1"
"75052","3"
"63070","88"
"49103","1"
"43614","2"
"38224","1"
"23072","1"
"30315","2"
"60115","3"
"70125","1"
"78041","1"
"62021","5"
"21207","1"
"83301","2"
"89113","1"
"62157","3"
"38626","1"
"64015","4"
"62298","53"
"48313","1"
"30030","1"
"90631","1"
"77023","1"
"44085","2"
"60304","4"
"75042","3"
"64127","19"
"23803","1"
"92505","1"
"72372","1"
"66604","1"
"65656","1"
"63031","541"
"63625","4"
"99705","1"
"92557","1"
"62016","7"
"33903","1"
"99518","1"
"63037","10"
"70113","2"
"84000","1"
"93550","1"
"65535","2"
"43130","2"
"36863","2"
"76542","1"
"94550","1"
"19805","2"
"46391","1"
"72653","4"
"62240","62"
"62025","181"
"92648","2"
"53511","4"
"62870","5"
"75206","2"
"73160","1"
"21223","1"
"90013","4"
"76367","1"
"39773","2"
"36115","4"
"10016","1"
"89106","1"
"65565","9"
"65248","8"
"63022","11"
"38863","1"
"62918","1"
"78550","2"
"55414","1"
"73044","1"
"63060","1"
"46923","1"
"10566","1"
"98204","1"
"66106","4"
"31326","1"
"62986","2"
"74436","1"
"63226","1"
"66565","1"
"65625","1"
"65836","2"
"63016","46"
"90723","1"
"34242","1"
"33311","5"
"60473","2"
"97223","3"
"65065","1"
"80015","2"
"33176","1"
"32225","1"
"80102","1"
"62028","5"
"60616","1"
"62454","3"
"66753","1"
"77477","1"
"63025","38"
"60040","2"
"92354","1"
"36136","1"
"75215","1"
"97301","3"
"62548","2"
"87111","5"
"60609","10"
"62236","64"
"64106","8"
"07836","1"
"63601","70"
"65738","1"
"46764","1"
"62292","4"
"91406","3"
"72076","1"
"62882","2"
"40216","1"
"62439","1"
"64024","2"
"91935","1"
"43150","3"
"32055","1"
"47129","3"
"65355","6"
"35808","1"
"76110","2"
"32907","1"
"38927","2"
"55445","2"
"60441","5"
"53785","1"
"63106","7129"
"82003","2"
"60060","1"
"54476","1"
"65668","1"
"30324","1"
"42431","1"
"47274","1"
"77520","2"
"38305","1"
"63412","2"
"64143","7"
"28269","1"
"46388","1"
"29812","1"
"39211","3"
"06611","1"
"02146","1"
"06902","1"
"61107","5"
"66611","2"
"35244","1"
"30082","1"
"55904","1"
"19002","1"
"63039","8"
"90016","4"
"63758","1"
"71601","5"
"65026","3"
"61820","9"
"38075","1"
"60015","1"
"62705","1"
"65049","2"
"79360","1"
"64491","2"
"92301","1"
"91706","1"
"37821","1"
"62702","17"
"60660","6"
"28790","1"
"98087","2"
"13501","3"
"92057","1"
"92551","1"
"98277","1"
"63637","8"
"63171","1"
"97544","1"
"45920","3"
"60627","1"
"79311","1"
"63363","1"
"75657","1"
"36374","3"
"39157","1"
"62253","4"
"62629","8"
"62026","11"
"48823","2"
"30909","2"
"68124","2"
"62249","38"
"63050","56"
"44060","4"
"30816","1"
"63121","5296"
"52748","1"
"62865","1"
"60069","1"
"97132","1"
"43605","1"
"76035","2"
"19067","2"
"36310","1"
"62215","6"
"66210","2"
"61523","5"
"02139","1"
"45810","1"
"61230","1"
"45902","1"
"72395","2"
"74881","1"
"31904","1"
"49720","1"
"32024","1"
"49240","1"
"38107","3"
"60634","4"
"64659","1"
"68138","1"
"62265","16"
"92128","1"
"38111","5"
"34683","1"
"62106","7"
"47711","1"
"92423","1"
"55121","1"
"32839","4"
"63035","3"
"89107","2"
"64053","6"
"48176","1"
"73112","1"
"21412","1"
"63143","666"
"47710","1"
"62806","1"
"65043","4"
"11722","1"
"98387","1"
"95358","4"
"44030","1"
"80222","1"
"70433","1"
"89169","8"
"63011","126"
"79416","1"
"70005","1"
"61821","2"
"36618","1"
"92284","1"
"91977","1"
"63326","7"
"44092","1"
"74333","1"
"38701","2"
"63303","210"
"77042","1"
"33618","1"
"67676","1"
"32211","3"
"95628","1"
"66013","4"
"62264","18"
"75043","2"
"55404","4"
"63023","32"
"66049","2"
"43061","1"
"62295","9"
"07666","1"
"67357","1"
"78728","2"
"39534","3"
"85014","3"
"65786","1"
"72759","1"
"14502","1"
"72029","12"
"30308","1"
"65231","4"
"79701","2"
"12180","1"
"30312","2"
"23237","1"
"67431","5"
"89129","2"
"49460","1"
"96313","2"
"55711","1"
"33435","1"
"39345","2"
"47620","1"
"62858","1"
"72761","2"
"64093","5"
"48360","2"
"73075","1"
"48375","1"
"63925","1"
"29607","2"
"92334","1"
"62252","2"
"53573","1"
"30274","3"
"15209","1"
"92109","1"
"62821","1"
"62114","1"
"50316","3"
"78626","1"
"63825","3"
"46034","1"
"72055","2"
"29223","2"
"38301","8"
"63660","13"
"62262","1"
"66609","2"
"62808","1"
"60617","6"
"73099","1"
"45709","1"
"73072","1"
"90002","2"
"62273","4"
"60657","4"
"63128","183"
"60478","2"
"60302","3"
"74134","2"
"53209","2"
"61866","2"
"88030","1"
"29042","1"
"84067","6"
"37377","1"
"28377","2"
"38606","1"
"63170","9"
"70123","2"
"74743","1"
"07078","1"
"65340","4"
"65020","3"
"85021","1"
"30518","1"
"33306","1"
"63440","2"
"55108","1"
"65804","15"
"33445","1"
"42220","1"
"30168","1"
"78209","4"
"30306","3"
"38762","1"
"46526","1"
"75189","1"
"61019","3"
"99508","1"
"64428","2"
"92392","1"
"65109","42"
"63379","40"
"38865","1"
"63174","1"
"55055","2"
"86510","1"
"38116","6"
"92584","1"
"75407","1"
"99507","1"
"65484","1"
"62074","1"
"92612","1"
"45244","1"
"49509","3"
"91351","1"
"60181","2"
"45780","2"
"30331","1"
"71913","1"
"88801","1"
"65202","85"
"39837","2"
"49417","1"
"48091","1"
"65652","3"
"50309","2"
"00631","3"
"62677","2"
"76018","1"
"76155","1"
"62063","2"
"70780","2"
"65224","8"
"55427","1"
"37777","1"
"46203","1"
"73567","1"
"80231","2"
"17405","2"
"01930","1"
"63640","78"
"74085","1"
"60101","1"
"76825","1"
"38639","2"
"74402","1"
"92882","2"
"33604","4"
"30022","3"
"63436","2"
"30721","1"
"75244","1"
"40155","1"
"72601","2"
"70466","3"
"12448","1"
"31406","1"
"32503","2"
"98023","1"
"20815","1"
"60090","3"
"60123","2"
"20850","2"
"30635","1"
"32464","2"
"53132","1"
"76013","3"
"78239","1"
"78834","1"
"04352","1"
"78402","1"
"91354","1"
"63162","1"
"60443","8"
"72015","2"
"62966","6"
"33890","1"
"44035","1"
"65696","2"
"62278","17"
"64111","4"
"65250","1"
"91607","1"
"11214","1"
"61103","3"
"61732","1"
"46580","2"
"47359","2"
"65536","14"
"62203","622"
"55428","2"
"62958","1"
"64054","2"
"54872","1"
"95823","2"
"92345","3"
"61427","1"
"28333","1"
"37334","1"
"80211","1"
"65626","5"
"62914","3"
"39565","1"
"62011","7"
"62207","609"
"42330","2"
"62020","5"
"78753","1"
"65501","1"
"03079","1"
"63169","2"
"63368","22"
"50312","1"
"27707","2"
"38108","5"
"62060","244"
"28739","2"
"32312","1"
"54501","1"
"72711","1"
"38478","2"
"34950","1"
"58033","1"
"66214","1"
"33441","1"
"70816","2"
"62703","30"
"62246","11"
"33713","3"
"14741","1"
"71360","1"
"93552","1"
"68137","1"
"46615","1"
"61557","1"
"60647","2"
"65787","4"
"63932","2"
"91303","1"
"63362","12"
"53206","4"
"73554","5"
"10027","3"
"60056","3"
"90805","2"
"74347","2"
"32707","2"
"60608","1"
"46619","2"
"75409","1"
"62205","786"
"32218","1"
"99301","1"
"98584","1"
"48810","1"
"53223","1"
"60120","3"
"98366","1"
"63317","1"
"63061","2"
"80013","1"
"75230","2"
"85040","2"
"62022","8"
"52172","1"
"63315","1"
"20640","1"
"48034","1"
"64081","1"
"77901","1"
"76208","4"
"21043","1"
"02250","1"
"70737","1"
"47164","2"
"28615","1"
"38916","6"
"12404","2"
"63007","13"
"38001","1"
"63118","16872"
"65807","26"
"62230","11"
"93535","2"
"43732","1"
"47130","1"
"80206","1"
"63163","33"
"35749","4"
"38115","9"
"63966","5"
"74114","2"
"62832","1"
"63115","14332"
"85013","2"
"55410","2"
"74113","1"
"63101","569"
"64108","8"
"74055","1"
"16639","2"
"91362","1"
"78250","2"
"63014","6"
"64254","2"
"72733","1"
"97520","1"
"32726","2"
"33055","2"
"06319","1"
"63046","2"
"94590","1"
"53217","1"
"62054","2"
"63776","2"
"80433","1"
"65052","1"
"11111","1"
"32425","1"
"76022","1"
"90706","3"
"48112","1"
"39071","1"
"62711","2"
"48301","1"
"37683","1"
"00062","1"
"55411","2"
"60438","2"
"61801","7"
"06779","1"
"47111","2"
"64152","3"
"33024","3"
"72032","2"
"53170","2"
"30114","2"
"46131","2"
"62254","37"
"77036","3"
"90038","1"
"48203","1"
"24502","1"
"66434","1"
"89147","1"
"64068","1"
"63065","2"
"60649","10"
"48754","1"
"73503","2"
"38134","5"
"28694","1"
"85339","2"
"72401","8"
"37026","4"
"32926","1"
"38983","1"
"62650","20"
"65466","3"
"62915","2"
"79109","2"
"60195","1"
"42066","1"
"98596","1"
"46250","2"
"69128","4"
"62008","2"
"17047","1"
"62288","4"
"55412","7"
"84339","1"
"97412","2"
"77077","2"
"93905","1"
"92107","1"
"64722","1"
"62260","32"
"60631","5"
"95112","6"
"38506","1"
"63901","34"
"36547","1"
"37208","6"
"33872","1"
"37096","1"
"30084","1"
"34608","1"
"62628","1"
"72211","1"
"72315","4"
"53129","2"
"45255","1"
"31021","3"
"62893","1"
"96825","1"
"39759","2"
"94533","1"
"65453","22"
"92832","1"
"39530","3"
"77015","1"
"62551","3"
"63012","62"
"19608","1"
"47802","2"
"74053","1"
"40207","1"
"48329","2"
"60613","7"
"65742","3"
"62062","35"
"75241","1"
"30906","3"
"42501","1"
"38141","5"
"14226","1"
"65648","2"
"98661","1"
"78522","2"
"48186","1"
"73008","1"
"14701","1"
"33170","1"
"23156","1"
"66048","7"
"64856","3"
"39355","1"
"48126","1"
"70814","1"
"63279","1"
"47714","2"
"72370","4"
"72390","3"
"46410","3"
"43229","1"
"70445","1"
"64063","2"
"87505","1"
"90036","1"
"07657","1"
"63851","5"
"62036","3"
"55443","5"
"91403","2"
"63125","1042"
"63055","15"
"60462","1"
"85745","1"
"48855","1"
"76112","2"
"08884","1"
"89148","3"
"24613","2"
"65403","1"
"60102","3"
"44240","1"
"74464","1"
"62960","3"
"42122","1"
"63307","1"
"74764","2"
"76039","1"
"84087","1"
"34994","1"
"75703","2"
"62875","1"
"29053","1"
"30339","4"
"40508","1"
"65793","5"
"63089","45"
"95677","2"
"13035","1"
"28803","3"
"60612","1"
"40160","1"
"63157","3"
"87508","1"
"64870","7"
"64083","1"
"63036","13"
"28364","1"
"62037","5"
"62661","2"
"64064","8"
"32164","1"
"38018","1"
"74157","1"
"27944","2"
"21120","1"
"61944","2"
"70807","2"
"48081","1"
"90502","1"
"56310","3"
"93446","1"
"01960","1"
"43162","1"
"65360","2"
"45723","1"
"64055","7"
"32301","1"
"67207","1"
"39204","6"
"01610","1"
"60643","4"
"85016","1"
"46254","2"
"72554","3"
"60621","6"
"11741","1"
"63802","2"
"63873","3"
"75057","1"
"61704","6"
"73762","1"
"28714","1"
"38862","1"
"63703","6"
"92730","1"
"45840","1"
"44123","2"
"47001","1"
"92500","1"
"94568","1"
"95991","1"
"64013","1"
"10025","1"
"66605","8"
"73020","1"
"66102","8"
"53037","1"
"63066","2"
"80126","1"
"22821","1"
"73068","2"
"20011","1"
"32547","1"
"63655","1"
"77034","1"
"63512","5"
"27591","4"
"85254","1"
"30066","2"
"79605","2"
"74015","1"
"63027","3"
"44041","1"
"91733","1"
"75482","2"
"12189","1"
"63702","4"
"32174","2"
"63857","7"
"65737","3"
"38654","3"
"61336","1"
"85749","1"
"15905","2"
"63407","1"
"75035","2"
"90006","1"
"45324","2"
"46970","1"
"70114","2"
"43206","1"
"55437","2"
"60074","2"
"66011","1"
"40229","1"
"53218","1"
"94591","1"
"84403","3"
"78213","2"
"90025","1"
"51559","1"
"60517","4"
"74056","1"
"89183","2"
"62002","321"
"16830","1"
"59728","1"
"78750","1"
"37086","1"
"63501","7"
"63017","132"
"22201","2"
"46561","1"
"88232","1"
"65462","1"
"63223","1"
"60106","1"
"62556","1"
"44236","1"
"17972","1"
"65550","2"
"32179","1"
"65335","2"
"48039","1"
"33914","1"
"63102","508"
"62942","1"
"49048","1"
"02184","1"
"20744","2"
"63124","51"
"62075","5"
"32935","2"
"49037","1"
"49744","2"
"60544","1"
"70053","4"
"46256","1"
"91335","2"
"21044","3"
"65270","10"
"65233","4"
"20707","1"
"34714","1"
"65706","4"
"20735","2"
"40272","2"
"92125","4"
"98188","1"
"74070","1"
"62996","1"
"14004","1"
"53112","4"
"61073","2"
"63166","17"
"63653","1"
"65791","2"
"65901","1"
"64030","11"
"75115","2"
"62266","2"
"49519","1"
"65556","3"
"48212","1"
"63645","15"
"25802","2"
"50701","1"
"15650","1"
"89110","1"
"47161","1"
"59934","1"
"13602","1"
"79914","1"
"60433","2"
"46534","1"
"13203","1"
"02720","1"
"95616","1"
"62046","2"
"62418","1"
"68776","1"
"44902","1"
"92084","1"
"20785","1"
"65592","3"
"13865","1"
"78539","2"
"63024","5"
"74014","1"
"62212","2"
"33032","1"
"49092","1"
"06415","1"
"72756","3"
"63002","1"
"37087","2"
"55327","1"
"44621","1"
"64429","1"
"12866","1"
"33712","2"
"61113","2"
"62007","2"
"62286","31"
"48234","1"
"65024","2"
"33917","1"
"75093","4"
"64759","2"
"61761","7"
"62057","1"
"78853","1"
"81004","1"
"64601","1"
"35079","2"
"36347","1"
"31161","1"
"30391","1"
"75125","2"
"45638","1"
"62213","1"
"61265","3"
"98105","3"
"","2294"
"53221","1"
"22152","5"
"63248","1"
"93225","1"
"65201","46"
"28307","2"
"68132","1"
"10801","1"
"63103","1444"
"63940","1"
"65102","13"
"64506","15"
"38485","2"
"64020","1"
"63801","40"
"67216","1"
"98121","1"
"10510","1"
"78664","1"
"29841","1"
"62951","2"
"63135","1829"
"75224","5"
"62898","1"
"64633","1"
"11503","2"
"60480","1"
"33324","1"
"39335","1"
"38017","5"
"37209","4"
"68152","1"
"33119","4"
"78070","2"
"62058","5"
"28358","1"
"98438","1"
"74884","1"
"60431","2"
"61074","1"
"36277","1"
"33428","2"
"63304","109"
"75792","1"
"63930","3"
"62231","15"
"63648","1"
"50703","2"
"89521","2"
"74352","1"
"75243","4"
"64153","4"
"95696","1"
"78840","5"
"32901","2"
"91367","1"
"43203","1"
"45215","1"
"60564","1"
"07017","2"
"60007","3"
"85260","1"
"63382","1"
"49341","2"
"34986","1"
"72328","1"
"28217","1"
"37212","1"
"76137","1"
"40505","3"
"77014","1"
"62279","1"
"40299","1"
"38372","1"
"33415","1"
"65262","1"
"85225","3"
"75553","3"
"28205","2"
"60110","3"
"75211","2"
"43947","1"
"63100","13"
"90003","1"
"38651","1"
"60641","5"
"35473","1"
"48746","1"
"23451","4"
"38841","1"
"63352","1"
"21040","1"
"28338","1"
"79924","1"
"66501","1"
"85238","2"
"38401","2"
"94114","1"
"21206","1"
"91405","1"
"63673","3"
"48162","1"
"75051","1"
"85338","1"
"31551","2"
"45875","2"
"63841","11"
"33045","2"
"63087","10"
"75062","2"
"81155","1"
"60506","3"
"13760","1"
"43219","2"
"77044","1"
"63803","1"
"42420","2"
"49757","1"
"52404","3"
"63108","4626"
"63301","320"
"31405","4"
"53187","1"
"63459","3"
"75401","2"
"31903","1"
"62014","11"
"85705","1"
"80218","1"
"18505","1"
"48227","3"
"71836","1"
"78248","1"
"63122","428"
"37923","2"
"43317","2"
"92226","1"
"62959","14"
"77590","1"
"02124","1"
"62070","1"
"33703","1"
"85282","1"
"62561","1"
"60154","1"
"95124","3"
"72327","5"
"51104","1"
"63733","1"
"43201","1"
"63074","465"
"95733","1"
"76244","1"
"02115","1"
"60013","1"
"80123","1"
"62993","3"
"64802","2"
"53210","1"
"60419","2"
"48464","1"
"73119","1"
"78154","1"
"66212","4"
"63782","1"
"33701","1"
"63359","3"
"47165","2"
"90607","1"
"46545","1"
"65721","5"
"65285","1"
"39191","2"
"62035","54"
"10032","1"
"65131","3"
"78504","1"
"63902","3"
"63110","7464"
"68504","1"
"62656","3"
"29418","1"
"61455","3"
"47454","1"
"33612","2"
"62004","3"
"91401","2"
"48204","2"
"39556","2"
"72454","1"
"62250","1"
"60185","4"
"37921","1"
"52656","1"
"80220","1"
"72227","1"
"73132","1"
"62306","3"
"64137","4"
"77531","1"
"48744","1"
"30901","2"
"38019","6"
"30044","7"
"99336","1"
"46123","2"
"71291","3"
"63229","3"
"38816","2"
"65459","1"
"53204","1"
"65542","6"
"71923","1"
"50158","2"
"76010","3"
"35980","1"
"30008","3"
"48504","2"
"62135","1"
"76227","2"
"94131","1"
"60089","6"
"60619","13"
"49008","1"
"38106","1"
"60827","4"
"35010","2"
"23456","1"
"30102","2"
"62523","1"
"97103","3"
"62221","359"
"92310","1"
"63933","4"
"20723","1"
"65775","4"
"63316","1"
"34109","1"
"67042","2"
"77045","1"
"80529","2"
"43569","1"
"27030","5"
"34293","1"
"31520","1"
"63084","47"
"65265","5"
"90078","1"
"79936","2"
"84015","1"
"80543","1"
"55106","1"
"60228","1"
"65251","37"
"64026","1"
"60411","9"
"72712","1"
"78103","2"
"53590","1"
"62355","1"
"71857","1"
"61354","1"
"60542","1"
"89014","2"
"62047","3"
"63960","1"
"61114","3"
"76140","1"
"33031","2"
"91766","2"
"60624","2"
"32065","1"
"80214","2"
"45014","1"
"17082","1"
"71802","2"
"68102","2"
"94044","1"
"44115","3"
"62013","1"
"76707","1"
"60917","1"
"45140","1"
"31909","3"
"48228","3"
"94601","1"
"53105","1"
"62226","283"
"32608","1"
"47501","2"
"62269","235"
"32208","1"
"14227","1"
"62522","13"
"78217","3"
"74964","1"
"60653","3"
"07103","1"
"60637","3"
"15009","2"
"32244","2"
"94619","2"
"78332","1"
"63386","7"
"60004","1"
"61112","1"
"90033","1"
"55903","1"
"07869","1"
"94962","1"
"63771","6"
"45458","3"
"01863","2"
"30260","2"
"17403","1"
"63147","5029"
"46218","1"
"27407","1"
"87026","1"
"48237","3"
"54220","2"
"60901","2"
"63180","2"
"90014","1"
"79902","1"
"60156","1"
"62257","3"
"62268","2"
"34208","1"
"62906","1"
"95648","1"
"60475","2"
"63075","3"
"33617","1"
"63150","3"
"60559","1"
"66006","1"
"63357","11"
"37066","2"
"40311","1"
"46032","3"
"38901","2"
"80907","1"
"53540","1"
"79603","1"
"48024","1"
"65301","14"
"92504","1"
"60160","1"
"27045","1"
"78572","1"
"63834","19"
"20706","2"
"63361","9"
"97007","1"
"92081","3"
"88345","2"
"65204","5"
"37601","1"
"80010","2"
"63185","1"
"07201","1"
"60453","2"
"31008","1"
"63433","1"
"75662","1"
"47591","1"
"63005","34"
"37341","1"
"75010","1"
"66614","2"
"48381","1"
"76031","1"
"79925","3"
"98168","1"
"25550","1"
"63610","3"
"46151","2"
"91767","1"
"49006","1"
"64128","23"
"96064","2"
"72417","1"
"48059","2"
"32811","1"
"76060","3"
"62050","4"
"76040","1"
"63624","8"
"10035","4"
"78538","1"
"85308","1"
"94121","1"
"33460","2"
"77035","2"
"63132","618"
"63042","553"
"28379","1"
"46307","2"
"42240","3"
"92911","1"
"33014","1"
"60193","1"
"47302","1"
"60104","5"
"95210","4"
"60639","11"
"29456","1"
"74110","4"
"62061","2"
"53406","1"
"92413","1"
"61605","16"
"92660","1"
"15221","2"
"66061","6"
"65078","2"
"63369","10"
"30080","3"
"64079","1"
"77642","2"
"56311","1"
"39810","2"
"60131","1"
"57701","1"
"64701","2"
"62881","14"
"62433","1"
"39307","2"
"63348","8"
"63650","18"
"81505","1"
"61603","8"
"07504","1"
"38138","2"
"50314","4"
"47531","1"
"60153","5"
"64126","4"
"08640","2"
"47117","1"
"49071","1"
"55368","2"
"63104","6072"
"54966","1"
"93292","1"
"63869","9"
"33774","1"
"41144","1"
"34102","1"
"54311","1"
"80524","1"
"62992","7"
"46060","1"
"60623","2"
"65806","32"
"62560","4"
"11757","1"
"32940","1"
"85635","1"
"47630","3"
"84058","1"
"73120","1"
"64103","1"
"64052","4"
"32808","1"
"42303","1"
"77351","2"
"76021","1"
"64040","1"
"64772","1"
"65769","3"
"65580","2"
"63621","2"
"61938","13"
"43207","1"
"21042","3"
"92277","2"
"48073","1"
"38016","2"
"64158","2"
"75040","1"
"63680","2"
"91784","1"
"79820","2"
"03276","1"
"48210","1"
"63374","1"
"92571","1"
"78108","1"
"68104","1"
"38037","1"
"38922","3"
"29640","1"
"62849","4"
"62263","2"
"93436","1"
"61108","1"
"71201","3"
"65740","5"
"63080","60"
"63020","70"
"92801","3"
"72364","4"
"91364","2"
"42102","3"
"54520","2"
"33436","1"
"74074","1"
"19121","2"
"37215","2"
"31404","1"
"72007","1"
"80540","1"
"92037","3"
"53222","3"
"62455","1"
"35765","1"
"62242","2"
"92069","1"
"51250","1"
"08003","2"
"78596","2"
"63204","14"
"65559","17"
"62219","1"
"07205","1"
"19023","1"
"60490","2"
"90094","3"
"21093","1"
"55345","1"
"48066","2"
"66224","2"
"83628","1"
"41098","1"
"62209","3"
"40212","5"
"62202","52"
"21221","1"
"02472","1"
"63136","11541"
"55313","1"
"43607","1"
"61118","7"
"43211","1"
"84404","1"
"32819","1"
"39752","1"
"76306","1"
"63664","19"
"60804","1"
"63389","11"
"17512","1"
"63507","1"
"36767","1"
"39339","7"
"92021","2"
"44830","1"
"62712","1"
"63048","4"
"12160","1"
"28080","1"
"80247","2"
"55403","2"
"23707","1"
"66044","2"
"67220","3"
"65689","4"
"48341","1"
"63015","15"
"65613","5"
"84532","1"
"63144","127"
"35211","2"
"94606","1"
"29482","1"
"63138","2296"
"34748","1"
"84307","2"
"85222","2"
"28227","1"
"36104","2"
"48505","3"
"72034","1"
"64120","1"
"83856","1"
"74010","3"
"72203","1"
"85032","3"
"30317","1"
"46926","1"
"33133","1"
"35045","1"
"32246","1"
"21215","2"
"62521","14"
"33034","2"
"75025","3"
"91941","1"
"38103","2"
"45415","2"
"68521","1"
"76103","1"
"65205","4"
"62862","1"
"62244","1"
"75007","5"
"76117","1"
"65672","2"
"92116","4"
"45761","1"
"27713","2"
"20164","1"
"78734","1"
"20879","1"
"39051","1"
"37075","2"
"21801","2"
"63366","190"
"84041","2"
"38112","1"
"78414","1"
"90212","2"
"73108","1"
"52722","3"
"60630","1"
"88220","1"
"66135","3"
"72904","1"
"49032","1"
"63133","2282"
"72301","3"
"98520","1"
"44702","3"
"37013","7"
"63158","14"
"60429","1"
"63206","1"
"43620","2"
"80012","2"
"90037","2"
"92647","3"
"62970","1"
"63045","3"
"55446","1"
"53716","1"
"92629","1"
"35672","1"
"65042","2"
"53228","1"
"62277","3"
"33537","1"
"66215","2"
"66701","1"
"57104","1"
"75137","1"
"63367","61"
"27403","2"
"30067","6"
"32135","1"
"37217","7"
"38635","4"
"62902","2"
"43701","1"
"77058","3"
"61856","1"
"63043","215"
